{
    "collab_server" : "",
    "contents" : "makeWords=function()  {\n  w1=c(\"ab\",\"abandon\",\"abandoned\",\"abandoning\",\"abandonment\",\"abandons\",\"abbas\",\"abbs\",\"abd\",\"abdilazz\",\"abdillah\",\"abdillh\",\"abdilwahhb\",\"abdulazz\",\"abdullah\",\"abdullh\",\"abdurrahmn\",\"abi\",\"abide\",\"abiding\",\"ability\",\"abraham\",\"absence\",\"absent\",\"absolute\",\"absolutely\",\"abu\",\"accept\",\"acceptable\",\"acceptance\",\"accepted\",\"accepting\",\"accepts\",\"access\",\"accompanied\",\"accordance\",\"account\",\"accounts\",\"accursed\",\"accuse\",\"accused\",\"achieve\",\"achieved\",\"achieving\",\"acknowledge\",\"acknowledged\",\"act\",\"acting\",\"action\",\"actions\",\"active\",\"acts\",\"actual\",\"adam\",\"adan\",\"addawlah\",\"added\",\"addition\",\"addn\",\"address\",\"addressed\",\"addresses\",\"addurar\",\"adhdhawahiri\",\"adhdhawhir\",\"adhdhawhirs\",\"adhere\",\"adherence\",\"adhering\",\"administration\",\"administrative\",\"admit\",\"adopt\",\"adopted\",\"advance\",\"advanced\",\"advances\",\"advancing\",\"advantage\",\"advice\",\"advise\",\"advised\",\"aerial\",\"affair\",\"affairs\",\"affected\",\"affection\",\"afflicted\",\"affliction\",\"afghan\",\"afghanistan\",\"aforementioned\",\"afraid\",\"africa\",\"african\",\"aftermath\",\"age\",\"agencies\",\"agency\",\"agenda\",\"agents\",\"aggression\",\"ago\",\"agree\",\"agreed\",\"agreement\",\"ah\",\"ahdth\",\"ahlulkitb\",\"ahlussunnah\",\"ahmad\",\"ahrr\",\"aid\",\"aided\",\"aiding\",\"aids\",\"aim\",\"air\",\"airbase\",\"aircraft\",\"airport\",\"airstrike\",\"airstrikes\",\"aishah\",\"akbar\",\"akhirah\",\"akhtar\",\"aknf\",\"al\",\"aladnn\",\"alahzab\",\"alahzb\",\"alanam\",\"alanbr\",\"alanfal\",\"alanfl\",\"alanm\",\"alansr\",\"alaraf\",\"alarf\",\"alasad\",\"alassad\",\"alawwal\",\"alayhi\",\"alayhissalam\",\"alayhissalm\",\"alb\",\"albaghdadi\",\"albaghdd\",\"albann\",\"albaqarah\",\"albarakah\",\"albidyah\",\"albukhari\",\"albukhr\",\"alcohol\",\"aleppo\",\"alfath\",\"alfatw\",\"alfudayl\",\"algeria\",\"alghaznawi\",\"alhamdulillah\",\"alhamdulillh\",\"alharari\",\"alharr\",\"alhasan\",\"alhashr\",\"alhkim\",\"alhusayn\",\"ali\",\"alibnah\",\"alimm\",\"aliraqi\",\"alislam\",\"alislm\",\"alive\",\"aljawln\",\"alkahf\",\"alkhalll\",\"alkhayr\",\"alkhirah\",\"alkubr\",\"allah\",\"allahs\",\"alleged\",\"allegiance\",\"alliance\",\"alliances\",\"allied\",\"allies\",\"alllik\",\"alloush\",\"allowed\",\"allowing\",\"ally\",\"allying\",\"almadnah\",\"almaidah\",\"almalhamah\",\"almaqdis\",\"almidah\",\"almighty\",\"almughn\",\"almuhjir\",\"almujhidn\",\"alongside\",\"alqaeda\",\"alqaidah\",\"alqawqz\",\"alqidah\",\"alqidahs\",\"alqurash\",\"alter\",\"altered\",\"alternative\",\"altogether\",\"amazing\",\"ambush\",\"america\",\"american\",\"americans\",\"americas\",\"amir\",\"amirulmuminin\",\"ammo\",\"ammunition\",\"amount\",\"amr\",\"amrulmuminn\",\"analysis\",\"anas\",\"ancient\",\"angels\",\"anger\",\"anh\",\"anhum\",\"animosity\",\"annadhari\",\"annadhr\",\"annahl\",\"annas\",\"annawaw\",\"annis\",\"annisa\",\"announce\",\"announced\",\"announcement\",\"announcing\",\"annr\",\"annusrah\",\"ansar\",\"ansr\",\"answer\",\"answered\",\"answers\",\"apostasy\",\"apostate\",\"apostates\",\"apostatize\",\"apostatized\",\"apparent\",\"appeared\",\"appears\",\"applied\",\"apply\",\"appoint\",\"appointed\",\"appointment\",\"approach\",\"approaching\",\"approval\",\"approve\",\"approved\",\"approximately\",\"april\",\"aqdah\",\"arab\",\"arabia\",\"arabian\",\"arabic\",\"arabs\",\"area\",\"areas\",\"arena\",\"argue\",\"argument\",\"ark\",\"arm\",\"armed\",\"armies\",\"armored\",\"arms\",\"army\",\"arramd\",\"arraqqah\",\"arrest\",\"arrested\",\"arrival\",\"arrive\",\"arrived\",\"arrogance\",\"arrogant\",\"arrogantly\",\"article\",\"articles\",\"articlethe\",\"artillery\",\"asad\",\"ashamah\",\"ashshabb\",\"ashshaykh\",\"ashshm\",\"asia\",\"asked\",\"asl\",\"aspect\",\"aspects\",\"assad\",\"assaff\",\"assaniyyah\",\"assassination\",\"assault\",\"assaulted\",\"assdiq\",\"assembly\",\"assiddiq\",\"assiddq\",\"assist\",\"associate\",\"assr\",\"assume\",\"assumed\",\"assumption\",\"assumptions\",\"assunnah\",\"astray\",\"atheism\",\"atheist\",\"atheists\",\"attabar\",\"attabari\",\"attack\",\"attacked\",\"attacking\",\"attacks\",\"attain\",\"attained\",\"attaining\",\"attawbah\",\"attempt\",\"attempted\",\"attempting\",\"attempts\",\"attending\",\"attention\",\"attirmidh\",\"attirmidhi\",\"attitude\",\"attribute\",\"attributed\",\"attributes\",\"attrinidadi\",\"august\",\"australia\",\"australian\",\"authentic\",\"author\",\"authorities\",\"authority\",\"avoid\",\"await\",\"awaited\",\"awaken\",\"aware\",\"awareness\",\"awliy\",\"awliya\",\"awwd\",\"ayman\",\"ayn\",\"ayyb\",\"azza\",\"azzarqw\",\"azzubayr\",\"azzumar\",\"b\",\"baathist\",\"back\",\"backed\",\"background\",\"backing\",\"backs\",\"bad\",\"badr\",\"baghdad\",\"bahrain\",\"bakr\",\"ban\",\"bangladesh\",\"bani\",\"bank\",\"banks\",\"banner\",\"banners\",\"bar\",\"bara\",\"barah\",\"barracks\",\"barzani\",\"base\",\"based\",\"bases\",\"bashar\",\"basic\",\"basis\",\"basr\",\"battah\",\"battalion\",\"battalions\",\"battle\",\"battlefield\",\"battles\",\"bayah\",\"bayt\",\"bear\",\"began\",\"begin\",\"beginning\",\"begins\",\"begun\",\"behalf\",\"belgium\",\"belief\",\"beliefs\",\"believed\",\"believer\",\"believers\",\"believes\")\n  w5=c(\"believing\",\"belong\",\"belonging\",\"belongs\",\"beloved\",\"belt\",\"belts\",\"beneath\",\"beneficial\",\"benefit\",\"benefits\",\"bengal\",\"bengali\",\"besiege\",\"bestowed\",\"betray\",\"betrayal\",\"betrayed\",\"beware\",\"bi\",\"bible\",\"bida\",\"bidah\",\"big\",\"bigger\",\"biggest\",\"bint\",\"birth\",\"bit\",\"black\",\"blade\",\"blame\",\"blatant\",\"blatantly\",\"bless\",\"blessed\",\"blessing\",\"blessings\",\"blind\",\"blinded\",\"blood\",\"bloodshed\",\"bodies\",\"body\",\"bomb\",\"bombardment\",\"bombing\",\"bombs\",\"bond\",\"book\",\"books\",\"boots\",\"booty\",\"border\",\"borders\",\"bore\",\"born\",\"bound\",\"bounty\",\"bqiyah\",\"branch\",\"branches\",\"brave\",\"break\",\"breaking\",\"breaks\",\"briefly\",\"brigade\",\"brigades\",\"bring\",\"bringing\",\"brings\",\"britain\",\"british\",\"broke\",\"broken\",\"brother\",\"brotherhood\",\"brothers\",\"brought\",\"brussels\",\"btin\",\"build\",\"building\",\"buildings\",\"built\",\"bulk\",\"burden\",\"burdens\",\"buried\",\"burn\",\"burned\",\"burning\",\"burns\",\"bus\",\"bush\",\"business\",\"busy\",\"buy\",\"c\",\"calamity\",\"caliphate\",\"call\",\"called\",\"caller\",\"callers\",\"calling\",\"calls\",\"calm\",\"camels\",\"camp\",\"campaign\",\"campaigns\",\"camps\",\"canada\",\"capable\",\"capital\",\"capture\",\"captured\",\"capturing\",\"car\",\"caravan\",\"care\",\"carried\",\"carries\",\"carry\",\"carrying\",\"case\",\"cases\",\"cast\",\"catholic\",\"caught\",\"caused\",\"causing\",\"cautious\",\"ce\",\"cease\",\"ceased\",\"celebrating\",\"cell\",\"cells\",\"center\",\"centers\",\"central\",\"centuries\",\"century\",\"certainty\",\"chains\",\"challenge\",\"chance\",\"change\",\"changed\",\"changing\",\"chaos\",\"chapter\",\"character\",\"charge\",\"charity\",\"chastity\",\"checkpoint\",\"checkpoints\",\"chest\",\"chief\",\"child\",\"children\",\"china\",\"choice\",\"choose\",\"choosing\",\"chose\",\"chosen\",\"christ\",\"christian\",\"christianity\",\"christians\",\"church\",\"cia\",\"circumstances\",\"cities\",\"citizen\",\"citizens\",\"city\",\"civil\",\"civilian\",\"civilians\",\"claim\",\"claimants\",\"claimed\",\"claiming\",\"claims\",\"clan\",\"clans\",\"clarification\",\"clarified\",\"clarify\",\"clarifying\",\"clarity\",\"clashes\",\"cleansing\",\"clear\",\"clearcut\",\"close\",\"closed\",\"closer\",\"closest\",\"clothing\",\"coalition\",\"coalitions\",\"collapse\",\"college\",\"colonel\",\"colors\",\"combat\",\"comfort\",\"coming\",\"command\",\"commanded\",\"commander\",\"commanders\",\"commanding\",\"commands\",\"commented\",\"commenting\",\"commit\",\"commitment\",\"commits\",\"committed\",\"committee\",\"committees\",\"committing\",\"common\",\"communist\",\"community\",\"companion\",\"companions\",\"company\",\"compete\",\"complete\",\"completed\",\"completely\",\"complex\",\"comprehend\",\"comprehensive\",\"compromise\",\"conceal\",\"concept\",\"concepts\",\"concern\",\"concerned\",\"concerns\",\"concluded\",\"concubines\",\"condition\",\"conditions\",\"condolences\",\"conduct\",\"conducted\",\"conducting\",\"conference\",\"confidence\",\"confined\",\"confirmed\",\"conflict\",\"confronted\",\"confused\",\"confusion\",\"conquer\",\"conquered\",\"conquest\",\"conquests\",\"consensus\",\"consequences\",\"consideration\",\"considered\",\"considers\",\"consisting\",\"consolidate\",\"consolidation\",\"conspiracies\",\"conspiracy\",\"constant\",\"constantinople\",\"constitution\",\"contact\",\"contained\",\"contemplate\",\"contemporary\",\"content\",\"context\",\"continue\",\"continued\",\"continues\",\"continuing\",\"continuous\",\"contradicting\",\"contradicts\",\"contrary\",\"contrast\",\"control\",\"controlled\",\"controls\",\"conversation\",\"convey\",\"conveyed\",\"conveying\",\"conviction\",\"convoy\",\"convoys\",\"cooperate\",\"cooperated\",\"cooperating\",\"cooperation\",\"coordination\",\"coptic\",\"copts\",\"correct\",\"corrupt\",\"corrupted\",\"corruption\",\"council\",\"councils\",\"count\",\"counted\",\"countless\",\"countries\",\"country\",\"countryside\",\"courage\",\"court\",\"courts\",\"cousin\",\"covenant\",\"cover\",\"covered\",\"cowardly\",\"create\",\"created\",\"creating\",\"creation\",\"creator\",\"creature\",\"creatures\",\"creed\",\"creeds\",\"crime\",\"crimes\",\"criminal\",\"criminals\",\"crisis\",\"criticism\",\"criticized\",\"cross\",\"crucified\",\"crusade\",\"crusader\",\"crusaders\",\"crushing\",\"cry\",\"culture\",\"currencies\",\"currency\",\"current\",\"curse\",\"cursed\",\"curses\",\"cursing\",\"cut\",\"cutting\",\"d\",\"dabiq\",\"daily\",\"dajjl\",\"dam\",\"damage\",\"damaged\",\"damascus\",\"danger\",\"dangerous\",\"dar\",\"dark\",\"darkness\",\"darnah\",\"daughter\",\"david\",\"dawah\",\"dawat\",\"dawud\",\"day\",\"days\",\"dbiq\",\"de\",\"dead\",\"deadly\",\"deal\",\"dealing\",\"dealt\",\"dear\",\"death\",\"deaths\",\"debate\",\"decades\",\"deceive\",\"deceived\",\"deception\",\"decide\",\"decided\",\"decision\",\"decisive\",\"declaration\",\"declarations\",\"declare\",\"declared\",\"declares\",\"declaring\",\"decrease\",\"decree\",\"decreed\",\"dedicate\",\"dedicated\",\"deed\",\"deeds\",\"deep\",\"deeply\",\"default\",\"defeat\",\"defeated\",\"defend\",\"defended\",\"defending\",\"defense\",\"defensive\",\"defiantly\",\"defined\",\"definite\",\"definition\",\"degree\",\"delay\",\"delegation\",\"deliver\",\"deluded\",\"delusion\",\"demand\",\"demanded\",\"demands\",\"democracy\",\"democratic\",\"denied\",\"denounce\",\"deny\",\"denying\",\"depart\",\"departed\",\"department\",\"departure\",\"deputy\",\"derived\",\"descend\",\"descendants\",\"describe\",\"describing\",\"description\",\"desert\",\"deserve\",\"deserves\",\"deserving\",\"designated\",\"desire\",\"desired\",\"desires\",\"despicable\",\"despise\",\"destination\",\"destroy\",\"destroyed\",\"destroying\",\"destruction\",\"detachment\",\"detail\",\"details\",\"deter\",\"determine\",\"determined\",\"detonated\",\"detonating\",\"deviance\",\"deviant\",\"deviants\",\"deviation\",\"device\",\"devices\",\"devil\",\"devils\",\"dhaka\",\"dharr\",\"dhawhir\",\"dhawhirs\",\"dhikr\",\"dhulhijjah\",\"dhulqadah\",\"die\",\"died\",\"dies\",\"differ\",\"differed\",\"difference\",\"differences\",\"differentiate\")\n  w2=c(\"difficult\",\"difficulty\",\"dignitaries\",\"dignity\",\"dimashq\",\"dinars\",\"diplomats\",\"direct\",\"directed\",\"direction\",\"directly\",\"director\",\"dirham\",\"disagreement\",\"disbelief\",\"disbelieve\",\"disbelieved\",\"disbeliever\",\"disbelievers\",\"disbelieving\",\"discord\",\"discuss\",\"discussed\",\"discussing\",\"discussion\",\"disease\",\"disgrace\",\"dislike\",\"disliked\",\"disobedience\",\"disobedient\",\"disobeyed\",\"disobeying\",\"dispatched\",\"display\",\"dispute\",\"disputes\",\"distance\",\"distant\",\"distinct\",\"distinguish\",\"distorted\",\"distributed\",\"district\",\"disunity\",\"divide\",\"divided\",\"dividing\",\"divine\",\"division\",\"dollar\",\"dollars\",\"domestic\",\"door\",\"doors\",\"doubt\",\"doubts\",\"dozen\",\"dozens\",\"dr\",\"draw\",\"drawn\",\"dream\",\"drink\",\"drive\",\"driven\",\"driving\",\"drones\",\"drove\",\"drowning\",\"drugs\",\"drulislm\",\"drulkufr\",\"druze\",\"du\",\"dua\",\"dubbed\",\"due\",\"duny\",\"dunya\",\"duties\",\"duty\",\"dwd\",\"dwellings\",\"dying\",\"e\",\"eager\",\"earlier\",\"early\",\"ears\",\"earth\",\"ease\",\"easily\",\"east\",\"eastern\",\"easy\",\"eat\",\"economic\",\"economy\",\"edge\",\"editors\",\"education\",\"effect\",\"effective\",\"effectively\",\"effort\",\"efforts\",\"egypt\",\"egyptian\",\"eid\",\"elders\",\"elections\",\"eliminated\",\"eliminating\",\"embrace\",\"embraced\",\"emerge\",\"emerged\",\"emergence\",\"emerges\",\"emigrate\",\"emir\",\"emirate\",\"emirates\",\"emphasize\",\"emphasized\",\"empire\",\"employed\",\"encompassed\",\"encompasses\",\"encompassing\",\"encounter\",\"encourage\",\"end\",\"endeavor\",\"ended\",\"ending\",\"ends\",\"enemies\",\"enemy\",\"enemys\",\"enforcement\",\"enforcing\",\"engage\",\"engaged\",\"english\",\"enjoined\",\"enjoy\",\"enmity\",\"enslave\",\"enslaved\",\"enslavement\",\"ensure\",\"entailed\",\"entails\",\"enter\",\"entered\",\"entering\",\"enters\",\"entire\",\"entity\",\"envoy\",\"envy\",\"equal\",\"equally\",\"equipment\",\"era\",\"eras\",\"erdogan\",\"error\",\"escape\",\"essence\",\"essential\",\"essentially\",\"establish\",\"established\",\"establishing\",\"establishment\",\"eternal\",\"europe\",\"european\",\"event\",\"events\",\"eventually\",\"evidence\",\"evidences\",\"evident\",\"evil\",\"evils\",\"exaggerated\",\"exalted\",\"examples\",\"exceed\",\"excellent\",\"exception\",\"exchange\",\"exclusively\",\"excuse\",\"excused\",\"excuses\",\"execute\",\"executed\",\"executing\",\"execution\",\"exist\",\"existed\",\"existence\",\"exists\",\"expand\",\"expanded\",\"expanding\",\"expansion\",\"expect\",\"expected\",\"expel\",\"expelled\",\"expense\",\"experience\",\"experienced\",\"experts\",\"explain\",\"explained\",\"explaining\",\"explains\",\"explanation\",\"explicit\",\"explicitly\",\"explosive\",\"explosives\",\"expose\",\"exposed\",\"exposing\",\"express\",\"expressed\",\"extend\",\"extensive\",\"extent\",\"extinction\",\"extinguish\",\"extreme\",\"extremely\",\"extremism\",\"extremist\",\"extremists\",\"eye\",\"eyes\",\"f\",\"fabricated\",\"face\",\"faced\",\"faces\",\"facilitate\",\"facilitated\",\"facilities\",\"facing\",\"fact\",\"faction\",\"factions\",\"factors\",\"factory\",\"facts\",\"fail\",\"failed\",\"failure\",\"faith\",\"faithful\",\"fajr\",\"fall\",\"fallen\",\"false\",\"falsehood\",\"falsely\",\"families\",\"family\",\"famous\",\"fard\",\"farouk\",\"fast\",\"fasting\",\"fasts\",\"fate\",\"fath\",\"father\",\"fathers\",\"fatw\",\"favor\",\"favored\",\"fay\",\"faylaq\",\"fear\",\"feared\",\"fearing\",\"fears\",\"feature\",\"feeble\",\"feel\",\"feels\",\"feet\",\"fell\",\"fellow\",\"felt\",\"female\",\"field\",\"fierce\",\"fight\",\"fighter\",\"fighters\",\"fighting\",\"fights\",\"figures\",\"filipino\",\"fill\",\"filled\",\"filthy\",\"final\",\"finally\",\"financial\",\"find\",\"finds\",\"finished\",\"fiqh\",\"firawn\",\"fire\",\"firm\",\"firmly\",\"firstly\",\"fit\",\"fitnah\",\"fitrah\",\"fixed\",\"flag\",\"fled\",\"flee\",\"fleeing\",\"flock\",\"flood\",\"flow\",\"focus\",\"focused\",\"foley\",\"follow\",\"followers\",\"food\",\"foolish\",\"foot\",\"footsteps\",\"forbade\",\"forbid\",\"forbidden\",\"forbidding\",\"force\",\"forced\",\"forcefully\",\"forces\",\"forefathers\",\"foreign\",\"forever\",\"foreword\",\"forget\",\"forgive\",\"forgiven\",\"forgiveness\",\"forgiving\",\"forgot\",\"form\",\"formation\",\"formed\",\"forming\",\"forms\",\"fornication\",\"fortified\",\"forty\",\"forward\",\"fought\",\"found\",\"foundation\",\"founded\",\"founder\",\"fourth\",\"france\",\"francis\",\"free\",\"freed\",\"freedom\",\"french\",\"friday\",\"friend\",\"friends\",\"front\",\"frontier\",\"frontline\",\"frontlines\",\"fronts\",\"fruit\",\"fruits\",\"fsa\",\"fulfill\",\"fulfilled\",\"fulfilling\",\"full\",\"fully\",\"fundamental\",\"fundamentals\",\"funeral\",\"fuqah\",\"future\",\"g\",\"gain\",\"gained\",\"gains\",\"game\",\"gangs\",\"gardens\",\"garments\",\"gas\",\"gate\",\"gates\",\"gather\",\"gathered\",\"gathering\",\"gatherings\",\"gave\",\"general\",\"generation\",\"generations\",\"generous\",\"german\",\"ghanimah\",\"ghanmah\",\"gift\",\"gifts\",\"girl\",\"give\",\"giving\",\"glad\",\"glimpse\",\"global\",\"glory\",\"goal\",\"goals\",\"god\",\"gods\",\"gold\",\"good\",\"goodness\",\"gospel\",\"governance\",\"governing\",\"government\",\"governments\",\"grace\",\"gracious\",\"grand\",\"grant\",\"granted\",\"granting\",\"grants\",\"grasp\",\"grateful\",\"gratitude\",\"grave\",\"grayzone\",\"great\",\"greater\",\"greatest\",\"greatly\",\"grenades\",\"grew\",\"grievances\",\"grieve\",\"ground\",\"group\",\"groups\",\"grow\",\"growing\",\"guarantee\",\"guaranteed\",\"guard\",\"guarding\",\"guards\",\"guidance\",\"guide\",\"guided\",\"guidelines\",\"guides\",\"gulf\",\"gun\",\"guns\",\"h\",\"hadd\",\"hadhrami\",\"hadith\",\"hadramawt\",\"hadth\",\"hafidhahullh\",\"hagel\",\"hair\",\"hajar\",\"hajj\",\"halab\",\"half\",\"hall\",\"halt\",\"hamas\",\"hamd\",\"hamzah\",\"hand\",\"handed\",\"handle\",\"hands\",\"happen\",\"happened\",\"harakat\",\"haram\",\"hard\",\"hardship\",\"hardships\",\"harm\",\"harmed\",\"harmful\",\"harsh\",\"harshness\",\"hasan\",\"hasten\",\"hate\",\"hated\",\"hates\",\"hatred\",\"hazm\",\"hd\",\"head\",\"headed\",\"headquarters\",\"heads\",\"hear\",\"heard\",\"hearing\",\"hears\",\"heart\",\"hearts\",\"heat\",\"heaven\",\"heavens\",\"heavily\",\"heavy\",\"hebrew\",\"heed\",\"heels\",\"held\",\"hell\",\"hellfire\",\"helped\",\"helping\",\"heraclius\",\"heresy\",\"heretical\",\"heretics\",\"hesitate\",\"hfidh\",\"hibbn\",\"hidden\",\"hide\",\"hiding\",\"high\",\"highest\",\"hijrah\",\"hikmah\",\"hims\",\"hindus\",\"hisbah\",\"hisham\",\"historical\",\"history\",\"hit\",\"hizb\",\"hizbiyyah\",\"hold\",\"holding\",\"holds\",\"holy\",\"home\",\"homeland\",\"homelands\",\"homes\",\"honor\",\"honored\",\"hope\",\"hopes\",\"horses\",\"hostage\",\"hostile\",\"hour\",\"hours\",\"house\",\"houses\",\"houthi\",\"houthis\",\"hudaybiyah\",\"hudd\",\"hudhayfah\",\"huge\",\"human\",\"humble\",\"humiliate\",\"humiliated\",\"humiliating\",\"humiliation\",\"hunayn\",\"hundred\",\"hundreds\",\"hunger\",\"hurayrah\",\"husband\",\"husbands\",\"hypocrisy\",\"hypocrite\",\"hypocrites\",\"hypocritical\",\"ibls\",\"ibnulathir\",\"ibnulqayyim\",\"ibrahim\",\"ibrhm\",\"iddah\",\"idea\",\"identity\",\"ideology\",\"idhnillh\",\"idlib\",\"idol\",\"idols\",\"ignorance\",\"ignorant\",\"ignore\",\"ignoring\",\"ii\",\"ijm\",\"ikhwn\",\"ilaha\",\"ilha\",\"illallah\",\"illallh\",\"image\",\"imam\",\"imamah\",\"imams\",\"iman\",\"imm\",\"immah\",\"immediately\",\"imminent\",\"imms\",\"implement\",\"implementation\",\"implemented\",\"implementing\",\"importance\",\"important\",\"impossible\",\"imprisoned\",\"imprisonment\",\"imran\",\"imrn\",\"incident\",\"incidents\",\"incite\",\"inciting\",\"include\",\"included\",\"includes\",\"including\",\"income\",\"increase\",\"increased\",\"increases\",\"increasing\",\"incumbent\",\"independent\",\"india\",\"indian\",\"indians\",\"indicating\",\"individual\",\"individuals\",\"indonesia\",\"infamous\",\"influence\",\"inform\",\"information\",\"informed\",\"inghimasi\",\"inghimasiyyin\",\"inghimsiyyn\",\"initial\",\"initially\",\"initiative\",\"injured\",\"injuring\",\"injury\",\"injustice\",\"innocent\",\"innovated\",\"innovation\",\"innovations\",\"inshallh\",\"inside\",\"insight\",\"insist\",\"inspire\",\"inspired\",\"institutions\",\"instructed\",\"instructions\",\"intelligence\",\"intelligent\",\"intend\",\"intended\",\"intense\",\"intensify\",\"intention\",\"intentions\",\"intercession\",\"interest\",\"interests\",\"interior\",\"internal\",\"international\",\"interpretation\",\"intervention\",\"interview\",\"invasion\",\"invented\",\"investigate\",\"investigating\",\"involved\",\"iran\",\"iranian\",\"irans\",\"iraq\",\"iraqi\",\"iraqis\",\"irj\",\"isa\",\"ishah\",\"ishq\",\"isil\",\"isis\",\"islam\",\"islamic\",\"islamist\",\"islamists\",\"isml\",\"ismliyyah\",\"isnd\",\"israel\",\"israeli\",\"isrl\",\"issue\",\"issues\",\"istishhadi\",\"istishhd\",\"istislam\",\"j\",\"jabhah\",\"jabhat\",\"jafar\",\"jahiliyyah\",\"jahmiyyah\",\"jall\",\"jamaah\",\"jamaateislami\",\"jamah\",\"jamat\",\"james\",\"jaml\",\"jandal\",\"jannah\",\"january\",\"japan\",\"japanese\",\"jarr\",\"jawln\",\"jaysh\",\"jayshulmujhidn\",\"jbir\",\"jealousy\",\"jerusalem\",\"jesus\",\"jets\",\"jew\",\"jewish\",\"jews\",\"jhil\",\"jhiliyyah\",\"jihad\",\"jihd\",\"jizyah\",\"job\",\"john\",\"join\",\"joined\",\"joining\",\"jordan\",\"jordanian\",\"journal\",\"journalist\",\"journalists\",\"journey\",\"joy\",\"jubayr\",\"judge\",\"judged\",\"judges\",\"judging\",\"judgment\",\"jumd\",\"junaydah\",\"june\",\"justice\",\"justification\",\"justify\",\"k\",\"kab\",\"kabah\",\"kafir\",\"kashmir\",\"kathir\",\"kathr\",\"kdp\",\"keeping\",\"kerry\",\"key\",\"kfir\",\"kfirn\",\"khalfah\",\"khalid\",\"khalifah\",\"khawrij\",\"khilafah\",\"khilfah\",\"khilfahs\",\"khlid\",\"khn\",\"khrij\",\"khulaf\",\"khurasan\",\"khursn\",\"kill\",\"killed\",\"killing\",\"kills\",\"kind\",\"kindness\",\"kinds\",\"king\",\"kingdom\",\"kings\",\"kingship\",\"knew\",\"knife\",\"knights\",\"knives\",\"knowing\",\"knowledge\",\"knowledgeable\",\"kuffar\",\"kuffr\",\"kufr\",\"kurdish\",\"kurdistan\",\"kurds\",\"kuwait\",\"l\",\"la\",\"label\",\"lack\",\"laid\",\"land\",\"lands\",\"language\",\"languages\",\"large\",\"largely\",\"larger\",\"largest\",\"late\",\"launched\",\"launching\",\"law\",\"lawful\",\"laws\",\"lay\",\"laymen\",\"ldin\",\"lead\",\"leader\",\"leaders\",\"leadership\",\"leading\",\"leads\",\"learn\",\"learned\",\"learning\",\"leave\",\"leaves\",\"leaving\",\"lebanon\",\"lectures\",\"led\",\"left\",\"legacy\",\"legal\",\"legislated\",\"legislation\",\"legitimacy\",\"lengthy\",\"lesson\",\"lessons\",\"letter\",\"letters\",\"letting\",\"levant\",\"level\",\"levels\",\"li\",\"liar\",\"liars\",\"liberate\",\"liberated\",\"liberating\",\"liberation\")\n  w3=c(\"libya\",\"libyan\",\"lie\",\"lies\",\"life\",\"light\",\"likes\",\"likewise\",\"limbs\",\"limited\",\"limits\",\"line\",\"lineage\",\"lines\",\"linked\",\"lion\",\"lions\",\"list\",\"listen\",\"listening\",\"lit\",\"live\",\"lived\",\"lives\",\"livestock\",\"living\",\"liw\",\"local\",\"located\",\"location\",\"locations\",\"lofty\",\"long\",\"longer\",\"looked\",\"lord\",\"lords\",\"lordship\",\"lose\",\"losers\",\"losing\",\"loss\",\"losses\",\"lost\",\"lot\",\"love\",\"loved\",\"loves\",\"loving\",\"loyal\",\"loyalty\",\"lying\",\"m\",\"machine\",\"made\",\"madhhab\",\"madinah\",\"madnah\",\"magazine\",\"mahd\",\"mahmud\",\"main\",\"maintain\",\"maintaining\",\"majm\",\"major\",\"majority\",\"make\",\"makes\",\"making\",\"makkah\",\"malhamah\",\"malhim\",\"malik\",\"man\",\"managed\",\"manbij\",\"manhaj\",\"manifest\",\"manifestation\",\"manifested\",\"mankind\",\"manmade\",\"manner\",\"mans\",\"mansour\",\"mansur\",\"march\",\"marched\",\"marf\",\"mark\",\"market\",\"markets\",\"marriage\",\"married\",\"marry\",\"martyrdom\",\"martyred\",\"martyrs\",\"marxist\",\"mary\",\"maryam\",\"masd\",\"masjid\",\"maslahah\",\"mass\",\"massacre\",\"massacres\",\"massacring\",\"masses\",\"master\",\"masters\",\"material\",\"matter\",\"matters\",\"matthew\",\"meaning\",\"meanings\",\"means\",\"meant\",\"measure\",\"measures\",\"meat\",\"media\",\"medical\",\"meet\",\"meeting\",\"meetings\",\"meets\",\"member\",\"members\",\"memorandum\",\"men\",\"mention\",\"mentioned\",\"mentioning\",\"mentions\",\"merciful\",\"mercy\",\"mere\",\"message\",\"messages\",\"messenger\",\"messengers\",\"messiah\",\"met\",\"method\",\"methodologies\",\"methodology\",\"methods\",\"michael\",\"middle\",\"midst\",\"mighty\",\"militant\",\"militarily\",\"military\",\"militia\",\"militias\",\"millah\",\"million\",\"millions\",\"mind\",\"minds\",\"mine\",\"minister\",\"ministry\",\"minor\",\"minority\",\"minutes\",\"miracles\",\"misguidance\",\"misguided\",\"missile\",\"missiles\",\"mission\",\"missions\",\"mistake\",\"mistakes\",\"mixed\",\"mjah\",\"mlik\",\"mm\",\"mn\",\"mobilization\",\"mock\",\"mocked\",\"mocking\",\"model\",\"moderate\",\"modern\",\"moment\",\"money\",\"monotheism\",\"month\",\"months\",\"morning\",\"morsi\",\"moses\",\"mosul\",\"mother\",\"mothers\",\"mount\",\"mountain\",\"mountains\",\"mounted\",\"mourning\",\"mouths\",\"move\",\"moved\",\"movement\",\"movements\",\"moving\",\"mriyah\",\"mrnshh\",\"ms\",\"mubhalah\",\"mubtadiah\",\"mudh\",\"muhajirin\",\"muhammad\",\"muharram\",\"muhjir\",\"muhjirah\",\"muhjirn\",\"muhjirt\",\"muhrib\",\"mujahid\",\"mujahidin\",\"mujhid\",\"mujhidn\",\"mujhidns\",\"mull\",\"multiple\",\"multitudes\",\"munfiqn\",\"muqtil\",\"murbit\",\"murder\",\"murjiah\",\"murtadd\",\"murtaddin\",\"murtaddn\",\"musa\",\"musab\",\"musannaf\",\"mushrik\",\"mushrikin\",\"mushrikn\",\"muslim\",\"muslimah\",\"mustard\",\"mutual\",\"muwahhid\",\"muwahhidin\",\"muwahhidn\",\"muwiyah\",\"n\",\"named\",\"names\",\"narrated\",\"narration\",\"narrations\",\"nation\",\"national\",\"nationalism\",\"nationalist\",\"nationalists\",\"nations\",\"nato\",\"natural\",\"nature\",\"nearby\",\"necessity\",\"neck\",\"necks\",\"needed\",\"neglect\",\"negotiate\",\"negotiations\",\"neighborhood\",\"neighborhoods\",\"neighboring\",\"newly\",\"news\",\"nh\",\"nifq\",\"nigeria\",\"night\",\"nnaw\",\"noble\",\"nonarab\",\"north\",\"northern\",\"note\",\"noted\",\"nuclear\",\"number\",\"numbers\",\"numerous\",\"nusayr\",\"nusayri\",\"nusayriyyah\",\"nusra\",\"o\",\"oaths\",\"obama\",\"obamas\",\"obedience\",\"obey\",\"obeyed\",\"obeying\",\"objective\",\"obligated\",\"obligation\",\"obligations\",\"obligatory\",\"observe\",\"observed\",\"obstacle\",\"obstacles\",\"obtain\",\"obtained\",\"obvious\",\"occasion\",\"occasions\",\"occupation\",\"occupied\",\"occur\",\"occurred\",\"occurs\",\"october\",\"odd\",\"offensive\",\"offer\",\"offered\",\"offering\",\"office\",\"officer\",\"officers\",\"offices\",\"official\",\"officially\",\"officials\",\"oil\",\"omar\",\"oneself\",\"ongoing\",\"open\",\"opened\",\"opening\",\"openly\",\"operation\",\"operations\",\"opinion\",\"opinions\",\"opium\",\"opponents\",\"opportunity\",\"oppose\",\"opposed\",\"opposes\",\"opposing\",\"opposite\",\"opposition\",\"oppress\",\"oppressed\",\"oppression\",\"oppressive\",\"option\",\"options\",\"order\",\"ordered\",\"ordering\",\"orders\",\"organization\",\"organizations\",\"origin\",\"original\",\"originally\",\"orphans\",\"outcome\",\"outskirts\",\"overcome\",\"p\",\"pagan\",\"paganism\",\"pagans\",\"page\",\"pages\",\"paid\",\"pain\",\"painful\",\"pakistan\",\"pakistani\",\"palace\",\"palestine\",\"paper\",\"paradise\",\"parents\",\"paris\",\"parliament\",\"part\",\"partake\",\"participate\",\"participated\",\"parties\",\"partisan\",\"partisanship\",\"partner\",\"partners\",\"partook\",\"parts\",\"party\",\"pass\",\"passed\",\"passes\",\"passing\",\"past\",\"path\",\"paths\",\"patience\",\"patient\",\"patrons\",\"paul\",\"pay\",\"paying\",\"peace\",\"peaceful\",\"peninsula\",\"people\",\"peoples\",\"perceive\",\"perfect\",\"perform\",\"performed\",\"performing\",\"performs\",\"period\",\"permissible\",\"permission\",\"permit\",\"permitted\",\"persia\",\"persian\",\"persians\",\"person\",\"personal\",\"personnel\",\"persons\",\"peshmerga\",\"phenomenon\",\"philippines\",\"physical\",\"picture\",\"piece\",\"pieces\",\"piety\",\"pillar\",\"pillars\",\"pilot\",\"pious\",\"pkk\",\"place\",\"places\",\"placing\",\"plan\",\"plane\",\"planes\",\"planned\",\"planning\",\"plans\",\"plant\",\"planted\",\"play\",\"played\",\"playing\",\"pleasant\",\"pleased\",\"pleasure\",\"pledge\",\"pledged\",\"pledging\",\"plot\",\"plots\",\"plotted\",\"plural\",\"pluralism\",\"poetry\",\"point\",\"points\",\"police\",\"policemen\",\"policies\",\"policy\",\"political\",\"politically\",\"politicians\",\"politics\",\"polygyny\",\"poor\",\"pope\",\"popular\",\"population\",\"portion\",\"portray\",\"poses\",\"position\",\"positions\",\"positive\",\"possess\",\"possibly\",\"post\",\"posts\",\"potential\",\"pour\",\"poverty\",\"power\",\"powerful\",\"practical\",\"practice\",\"practiced\",\"practices\",\"practicing\",\"praise\",\"praised\",\"pray\",\"prayed\",\"prayer\",\"prayers\",\"praying\",\"prays\",\"preceded\",\"precedence\",\"precious\",\"predecessors\",\"predominant\",\"prefer\",\"preferred\",\"preferring\",\"preparation\",\"prepare\",\"prepared\",\"preparing\",\"presence\",\"present\",\"presented\",\"preserve\",\"preserved\",\"preserving\",\"president\",\"press\",\"pressure\",\"pretext\",\"prevent\",\"prevented\",\"preventing\",\"previous\",\"previously\",\"price\",\"pride\",\"prime\",\"principle\",\"principles\",\"prior\",\"priority\",\"prison\",\"prisoner\",\"prisoners\",\"prisons\",\"private\",\"problem\",\"problems\",\"proceed\",\"process\",\"produce\",\"produced\",\"program\",\"prohibited\",\"prohibition\",\"prohibitions\",\"project\",\"prominent\",\"promise\",\"promised\",\"pronounce\",\"pronounced\",\"pronouncing\",\"proof\",\"proofs\",\"propaganda\",\"propagated\",\"proper\",\"property\",\"prophet\",\"prophethood\",\"prophetic\",\"prophets\",\"proposals\",\"proposed\",\"prostration\",\"protect\",\"protected\",\"protection\",\"protector\",\"protests\",\"proud\",\"prove\",\"proved\",\"proven\",\"provide\",\"provided\",\"providing\",\"province\",\"provision\",\"proxies\",\"public\",\"publically\",\"publicly\",\"published\",\"puk\",\"punish\",\"punished\",\"punishing\",\"punishment\",\"puppet\",\"puppets\",\"pure\",\"purely\",\"purify\",\"purpose\",\"pursue\",\"pursuing\",\"pursuit\",\"push\",\"put\",\"puts\",\"putting\",\"q\",\"qadar\",\"qaeda\",\"qaidah\",\"qatar\",\"qatdah\",\"qawqz\",\"qiblah\",\"qidah\",\"quantity\",\"qudmah\",\"question\",\"questions\")\n  w6=c(\"quick\",\"quickly\",\"quoted\",\"quran\",\"qurash\",\"quraysh\",\"qurn\",\"r\",\"rab\",\"rabbis\",\"rabbuh\",\"race\",\"radiyallhu\",\"rafd\",\"rafidah\",\"rafidi\",\"rage\",\"rahimahullh\",\"raid\",\"raids\",\"rain\",\"raise\",\"raised\",\"raising\",\"rajab\",\"ramadan\",\"ramadn\",\"rank\",\"ranks\",\"ransom\",\"ransoms\",\"raslullh\",\"reach\",\"reached\",\"reaches\",\"reaching\",\"reaction\",\"read\",\"reading\",\"ready\",\"real\",\"realities\",\"reality\",\"realize\",\"realized\",\"realizing\",\"reason\",\"reasons\",\"rebel\",\"rebels\",\"receive\",\"received\",\"receiving\",\"recent\",\"recently\",\"recitation\",\"recite\",\"recited\",\"recognition\",\"recognize\",\"recognized\",\"recompense\",\"reconciliation\",\"record\",\"recorded\",\"recruitment\",\"red\",\"refer\",\"reference\",\"references\",\"referred\",\"referring\",\"refers\",\"reflect\",\"reform\",\"refrain\",\"refrains\",\"refuge\",\"refusal\",\"refuse\",\"refused\",\"refuses\",\"refutation\",\"regard\",\"regime\",\"regiment\",\"regimes\",\"region\",\"regional\",\"regions\",\"regret\",\"regular\",\"regularly\",\"reign\",\"reject\",\"rejected\",\"rejecting\",\"rejection\",\"related\",\"relations\",\"relationship\",\"relationships\",\"relatives\",\"release\",\"released\",\"relied\",\"religion\",\"religions\",\"religious\",\"rely\",\"relying\",\"remain\",\"remained\",\"remaining\",\"remains\",\"remember\",\"remind\",\"reminded\",\"remnants\",\"remove\",\"removed\",\"renew\",\"repeat\",\"repeated\",\"repeatedly\",\"repel\",\"repent\",\"repentance\",\"repented\",\"replace\",\"replied\",\"report\",\"reported\",\"reports\",\"represent\",\"representative\",\"representatives\",\"represented\",\"represents\",\"republic\",\"request\",\"requested\",\"requests\",\"require\",\"required\",\"requirements\",\"requires\",\"rescue\",\"research\",\"reside\",\"residents\",\"residing\",\"resist\",\"resistance\",\"resistant\",\"resisted\",\"resisting\",\"resists\",\"resolution\",\"resolve\",\"resolved\",\"resources\",\"respect\",\"respected\",\"respond\",\"responded\",\"response\",\"responsibilities\",\"responsibility\",\"responsible\",\"rest\",\"result\",\"resulted\",\"resulting\",\"results\",\"resurrection\",\"retreat\",\"retribution\",\"return\",\"returned\",\"returning\",\"returns\",\"revealed\",\"revelation\",\"revenge\",\"review\",\"revival\",\"revived\",\"revolution\",\"revolutionary\",\"reward\",\"rewards\",\"rfid\",\"rfidah\",\"ribat\",\"ribt\",\"riddah\",\"righteous\",\"righteousness\",\"rights\",\"rise\",\"rites\",\"rival\",\"river\",\"rivers\",\"road\",\"roads\",\"role\",\"roman\",\"romans\",\"rome\",\"room\",\"root\",\"rope\",\"route\",\"ruined\",\"rule\",\"ruled\",\"ruler\",\"rulers\",\"rules\",\"ruling\",\"rulings\",\"run\",\"rush\",\"rushed\",\"russia\",\"russian\",\"russians\",\"s\",\"saba\",\"sablillh\",\"sacred\",\"sacrifice\",\"sacrificed\",\"sacrifices\",\"sad\",\"sadly\",\"safar\",\"safaw\",\"safe\",\"safely\",\"safety\",\"sahabah\",\"sahbah\",\"sahh\",\"sahih\",\"sahwah\",\"sahwat\",\"sahwt\",\"sake\",\"salaf\",\"salamah\",\"salhuddn\",\"sall\",\"sallallahu\",\"sallallhu\",\"sallam\",\"salm\",\"salmn\",\"salvation\",\"sammn\",\"samr\",\"samurah\",\"sanaa\",\"sariyyah\",\"sat\",\"satan\",\"saudi\",\"save\",\"saved\",\"scale\",\"scenario\",\"scene\",\"scholar\",\"scholars\",\"school\",\"schools\",\"scribes\",\"scripture\",\"sea\",\"search\",\"searching\",\"secret\",\"secretary\",\"sect\",\"sectarian\",\"sects\",\"secular\",\"secularism\",\"secularist\",\"secularists\",\"secure\",\"security\",\"seed\",\"seek\",\"seeking\",\"seeks\",\"sees\",\"seized\",\"selection\",\"sell\",\"send\",\"sending\",\"sends\",\"senior\",\"sense\",\"separate\",\"september\",\"servant\",\"servants\",\"serve\",\"served\",\"serves\",\"service\",\"services\",\"serving\",\"set\")\n  w4=c(\"settle\",\"settled\",\"seventy\",\"severe\",\"severed\",\"severely\",\"severity\",\"sf\",\"shaban\",\"shabb\",\"shaddadi\",\"shade\",\"shades\",\"shah\",\"shahadah\",\"shahd\",\"shahdah\",\"shaken\",\"sham\",\"shar\",\"sharah\",\"share\",\"shared\",\"sharh\",\"shari\",\"shariah\",\"shawwl\",\"shaykh\",\"shaykhulislm\",\"shaytan\",\"shaytn\",\"shed\",\"shedding\",\"sheep\",\"shepherd\",\"shia\",\"shift\",\"shiite\",\"shining\",\"shirk\",\"shm\",\"shmiyyah\",\"shock\",\"shocked\",\"shoot\",\"shooting\",\"short\",\"shortly\",\"shot\",\"shout\",\"show\",\"showed\",\"showing\",\"shown\",\"shows\",\"shr\",\"shuaytt\",\"shuhad\",\"shuhada\",\"sick\",\"sickhearted\",\"side\",\"sides\",\"siege\",\"sight\",\"sign\",\"signed\",\"significant\",\"signs\",\"silent\",\"silver\",\"similar\",\"similarly\",\"simon\",\"simple\",\"simply\",\"sin\",\"sinai\",\"sincere\",\"sincerely\",\"sincerity\",\"sinful\",\"single\",\"sins\",\"sirte\",\"sister\",\"sisters\",\"sit\",\"sitting\",\"situation\",\"sixth\",\"skin\",\"sky\",\"slander\",\"slaughter\",\"slaughtered\",\"slave\",\"slavegirl\",\"slavegirls\",\"slavery\",\"slaves\",\"sleep\",\"slogan\",\"slogans\",\"small\",\"smaller\",\"smarr\",\"snc\",\"socalled\",\"social\",\"societies\",\"society\",\"sodomites\",\"sodomy\",\"soil\",\"sold\",\"soldier\",\"soldiers\",\"solely\",\"solution\",\"somalia\",\"somnath\",\"son\",\"sons\",\"sorrow\",\"sought\",\"soul\",\"souls\",\"sound\",\"source\",\"south\",\"southern\",\"span\",\"spare\",\"spark\",\"speak\",\"speaking\",\"speaks\",\"spear\",\"special\",\"specific\",\"specifically\",\"speech\",\"spend\",\"spending\",\"spent\",\"spies\",\"spill\",\"spilled\",\"spilling\",\"spirit\",\"spite\",\"spiteful\",\"split\",\"spoke\",\"spoken\",\"spokesman\",\"spread\",\"spreading\",\"spring\",\"spy\",\"srah\",\"srat\",\"st\",\"stability\",\"staff\",\"stage\",\"stance\",\"stand\",\"standing\",\"stands\",\"start\",\"started\",\"stated\",\"statement\",\"statements\",\"states\",\"stating\",\"station\",\"stationed\",\"status\",\"stay\",\"stayed\",\"steadfast\",\"steadfastness\",\"step\",\"steps\",\"stick\",\"stingy\",\"stipulations\",\"stones\",\"stood\",\"stop\",\"stopped\",\"stories\",\"storm\",\"story\",\"straight\",\"strange\",\"strangeness\",\"stranger\",\"strangers\",\"strategic\",\"strategy\",\"strayed\",\"street\",\"streets\",\"strength\",\"strengthen\",\"strengthening\",\"strike\",\"strikes\",\"striking\",\"strive\",\"strived\",\"striving\",\"strong\",\"stronger\",\"strongest\",\"stronghold\",\"strongholds\",\"strongly\",\"struck\",\"structure\",\"struggle\",\"students\",\"studied\",\"studies\",\"study\",\"studying\",\"subjects\",\"subjugated\",\"submission\",\"submit\",\"submits\",\"submitted\",\"subsequent\",\"subsequently\",\"succeed\",\"succeeded\",\"success\",\"successful\",\"successfully\",\"suddenly\",\"suffered\",\"suffering\",\"suffice\",\"sufficient\",\"sufis\",\"sufyan\",\"sufyn\",\"sulaymn\",\"sultan\",\"summoned\",\"sun\",\"sunan\",\"sunn\",\"sunnah\",\"sunni\",\"sunnis\",\"superficial\",\"supplicate\",\"supplication\",\"supplies\",\"supply\",\"support\",\"supported\",\"supporter\",\"supporters\",\"supporting\",\"supports\",\"supposed\",\"supposedly\",\"supreme\",\"surat\",\"surely\",\"surface\",\"surprise\",\"surprised\",\"surprising\",\"surrender\",\"surrendered\",\"surriyyah\",\"surrounded\",\"surrounding\",\"suspects\",\"suspicion\",\"suspicions\",\"swear\",\"sword\",\"swords\",\"syria\",\"syrian\",\"syrians\",\"syrias\",\"system\",\"systems\",\"t\",\"tactics\",\"tafsir\",\"tafsr\",\"taghut\",\"tahrk\",\"takbir\",\"takbr\",\"takes\",\"takfir\",\"takfr\",\"taking\",\"tal\",\"talhah\",\"taliban\",\"talk\",\"talking\",\"talks\",\"tall\",\"tandhm\",\"tank\",\"tanks\",\"taqld\",\"target\",\"targeted\",\"targeting\",\"targets\",\"tasked\",\"taste\",\"tatars\",\"taught\",\"tawaghit\",\"tawght\",\"tawhd\",\"tawhid\",\"taymiyyah\",\"teach\",\"teaching\",\"teachings\",\"team\",\"telling\",\"temple\",\"temples\",\"ten\",\"tenets\",\"term\",\"terms\",\"territories\",\"territory\",\"terror\",\"terrorism\",\"terrorist\",\"terrorists\",\"terrorize\",\"terrorizing\",\"test\",\"testament\",\"tested\",\"testified\",\"testifies\",\"testify\",\"testimony\",\"text\",\"texts\",\"tght\",\"therefrom\",\"thereof\",\"thing\",\"things\",\"thinking\",\"thirst\",\"thought\",\"thousand\",\"thousands\",\"threat\",\"threatened\",\"threats\",\"throats\",\"throne\",\"throw\",\"thrown\",\"thursday\",\"thuwwr\",\"tidings\",\"ties\",\"time\",\"times\",\"title\",\"titled\",\"tlib\",\"today\",\"told\",\"tolerate\",\"tomorrow\",\"tone\",\"tongue\",\"tongues\",\"tons\",\"tool\",\"top\",\"torah\",\"torment\",\"torture\",\"tortured\",\"total\",\"touched\",\"tough\",\"town\",\"towns\",\"trade\",\"tradition\",\"train\",\"trained\",\"training\",\"trait\",\"traits\",\"transferred\",\"transgression\",\"travel\",\"traveled\",\"treacherous\",\"treachery\",\"treasures\",\"treat\",\"treated\",\"treatment\",\"treaty\",\"tree\",\"trees\",\"tremendous\",\"trench\",\"trial\",\"trials\",\"tribal\",\"tribe\",\"tribes\",\"tribulation\",\"tribulations\",\"trinidad\",\"trinity\",\"triumph\",\"troops\",\"truce\",\"truck\",\"true\",\"trust\",\"trustworthy\",\"truth\",\"truthful\",\"truthfulness\",\"tunisia\",\"tunisian\",\"turkey\",\"turkish\",\"turn\",\"turned\",\"turning\",\"turns\",\"twelve\",\"twin\",\"type\",\"types\",\"tyrannical\",\"tyranny\",\"tyrant\",\"u\",\"ubayd\",\"ubaydah\",\"uhud\",\"uk\",\"ultimate\",\"ultimately\",\"umar\",\"umars\",\"umaw\",\"umm\",\"ummah\",\"ummahs\",\"unable\",\"unaware\",\"understand\",\"understanding\",\"understood\",\"undoubtedly\",\"unified\",\"unify\",\"union\",\"unique\",\"unit\",\"unite\",\"united\",\"uniting\",\"units\",\"unity\",\"universe\",\"unjustly\",\"unknown\",\"unlike\",\"unseen\",\"upheld\",\"uphold\",\"upholding\",\"upright\",\"uqbah\",\"usage\",\"usmah\",\"usurped\",\"usury\",\"uthman\",\"uthmn\",\"utmost\",\"v\",\"valid\",\"values\",\"vast\",\"vehicle\",\"vehicles\",\"verily\",\"verse\",\"verses\",\"vice\",\"victories\",\"victorious\",\"victory\",\"video\",\"videos\",\"view\",\"views\",\"village\",\"villages\",\"violence\",\"violent\",\"virtue\",\"virtues\",\"virtuous\",\"vision\",\"visit\",\"voice\",\"voices\",\"void\",\"voluntary\",\"w\",\"wa\",\"wage\",\"waged\",\"wages\",\"waging\",\"wait\",\"waiting\",\"wake\",\"wal\",\"wala\",\"walhamdulillh\",\"walk\",\"walking\",\"walls\",\"wannihyah\",\"wanted\",\"war\",\"warn\",\"warned\",\"warning\",\"warplanes\",\"wars\",\"wary\",\"washington\",\"waste\",\"watch\",\"watched\",\"watchful\",\"water\",\"ways\",\"waziristan\",\"weak\",\"weaken\",\"weaker\",\"weakness\",\"wealth\",\"weapon\",\"weaponry\",\"weapons\",\"wear\",\"wearing\",\"week\",\"weeks\",\"weight\",\"wellknown\",\"west\",\"western\",\"wheel\",\"white\",\"whomever\",\"wicked\",\"wide\",\"widespread\",\"widow\",\"wife\",\"wilayah\",\"wilayahon\",\"wilayat\",\"willingly\",\"wills\",\"wilyah\",\"wilyat\",\"wilyt\",\"win\",\"wiped\",\"wisdom\",\"wise\",\"wishes\",\"withdraw\",\"withdrawal\",\"withdrew\",\"witness\",\"witnessed\",\"wives\",\"wl\",\"woman\",\"women\",\"word\",\"wording\",\"words\",\"work\",\"worked\",\"working\",\"works\",\"world\",\"worldly\",\"worlds\",\"worried\",\"worry\",\"worse\",\"worship\",\"worshiped\",\"worshiping\",\"worshipped\",\"worshippers\",\"worshipping\",\"worships\",\"worst\",\"worth\",\"worthless\",\"worthy\",\"wound\",\"wounded\",\"wounding\",\"wounds\",\"wrath\",\"write\",\"writings\",\"written\",\"wrong\",\"wrongdoing\",\"wronged\",\"wronging\",\"wrote\",\"y\",\"yah\",\"yahy\",\"yamin\",\"yarmk\",\"year\",\"years\",\"yemen\",\"yemeni\",\"ynus\",\"york\",\"young\",\"youth\",\"ysuf\",\"yt\",\"yusuf\",\"zahran\",\"zahrn\",\"zakah\",\"zakh\",\"zayd\",\"zaynab\",\"zeal\",\"zone\")\n  words=c(w1,w2,w3,w4,w5,w6)\n  return (words)\n}\nmakeRandomClustering=function(words,filename) {\n  cls=sample(50,length(words),T)\n  clusters=lapply(1:50,function(i){\n    words[which(cls==i)]\n  })\n  writeClusters(clusters,filename)\n}\nwriteClusters=function(clusters,filename){\n  strs=c()\n  for (i in 1:length(clusters)){\n    cls=clusters[[i]][order(clusters[[i]])]\n    strs=c(strs,(paste(\"\\nCluster \",i,\":\",sep=\"\")))\n    strs=c(strs,paste(paste(cls,collapse=\",\"),sep=\"\"))\n  }\n  fileConn=file(filename)\n  cat(paste(strs,collapse=\"\\n\"),file=fileConn)\n  close(fileConn)\n}\n",
    "created" : 1509619283833.000,
    "dirty" : false,
    "encoding" : "UTF-8",
    "folds" : "",
    "hash" : "2272866283",
    "id" : "F635F1B6",
    "lastKnownWriteTime" : 1512557904,
    "last_content_update" : 1512557904402,
    "path" : "C:/Users/Acer/Desktop/Dokument/AI/2017/AIExam/R/randomClusters.R",
    "project_path" : "R/randomClusters.R",
    "properties" : {
        "tempName" : "Untitled4"
    },
    "relative_order" : 12,
    "source_on_save" : false,
    "source_window" : "",
    "type" : "r_source"
}